{
  "gap_type": "indirect",
  "gap_eV": 0.329075125193965,
  "direct_gap_eV": 0.5082623766534249,
  "vbm_kpt_frac": [
    0.5,
    0.5,
    0.0
  ],
  "cbm_kpt_frac": [
    0.0,
    0.5,
    0.0
  ],
  "m_e_m0": 36.71518618345266,
  "m_h_m0": 5.399365990952034,
  "m_reduced_m0": 4.707131321483854,
  "m_e_soc_m0": 2.7666164174861723,
  "m_h_soc_m0": 5.964137419261027,
  "m_reduced_soc_m0": 1.8899262089857203,
  "flags_gap": [],
  "flags_masses": [
    "UNPHYSICAL_MASS_CBM:36.72"
  ],
  "flags_masses_soc": [],
  "tolerance_factor": 0.8218291203171083,
  "octahedral_factor": 0.5409090909090909,
  "mean_bx_bond_Ang": null,
  "bx_bond_variance": null,
  "mean_bxb_angle_deg": null,
  "tilt_angle_deg": null,
  "flags_structural": []
}