{
  "gap_type": "direct",
  "gap_eV": 1.6392884485183996,
  "direct_gap_eV": 1.6392884485183996,
  "vbm_kpt_frac": [
    0.5,
    0.5,
    0.0
  ],
  "cbm_kpt_frac": [
    0.5,
    0.5,
    0.0
  ],
  "m_e_m0": 14.53677664365253,
  "m_h_m0": 36.81897452404688,
  "m_reduced_m0": 10.421991631602083,
  "m_e_soc_m0": 1.3146960751447785,
  "m_h_soc_m0": 2.069619790406431,
  "m_reduced_soc_m0": 0.8039796294386761,
  "flags_gap": [],
  "flags_masses": [
    "UNPHYSICAL_MASS_VBM:36.82"
  ],
  "flags_masses_soc": [],
  "tolerance_factor": 0.8218291203171083,
  "octahedral_factor": 0.5409090909090909,
  "mean_bx_bond_Ang": null,
  "bx_bond_variance": null,
  "mean_bxb_angle_deg": null,
  "tilt_angle_deg": null,
  "flags_structural": []
}