{
  "U2.00": {
    "u_ev": 2.0,
    "energy_eV": -113.311435,
    "gap_eV": 1.5888,
    "transition": "(24\u219225)  [0.5, 0.5, 0.5]\u2192[0.5, 0.5, 0.5]  [direct]",
    "n_iters": 13,
    "converged": true
  },
  "U2.25": {
    "u_ev": 2.25,
    "energy_eV": -113.432716,
    "gap_eV": 1.7842,
    "transition": "(24\u219225)  [0.5, 0.5, 0.5]\u2192[0.5, 0.5, 0.5]  [direct]",
    "n_iters": 14,
    "converged": true
  },
  "U2.50": {
    "u_ev": 2.5,
    "energy_eV": -113.587578,
    "gap_eV": 2.0253,
    "transition": "(24\u219225)  [0.5, 0.5, 0.5]\u2192[0.5, 0.5, 0.5]  [direct]",
    "n_iters": 15,
    "converged": true
  },
  "U2.75": {
    "u_ev": 2.75,
    "energy_eV": -113.795552,
    "gap_eV": 2.3292,
    "transition": "(24\u219225)  [0.5, 0.5, 0.5]\u2192[0.5, 0.5, 0.5]  [direct]",
    "n_iters": 16,
    "converged": true
  }
}