{
  "special_xcoords": [
    0.0,
    0.13226677056033592,
    0.26453354112067184,
    0.45158700189838935,
    0.6806797686619467,
    0.8677332294396641,
    0.8677332294396641,
    1.0
  ],
  "labels": [
    "G",
    "X",
    "M",
    "G",
    "R",
    "X",
    "M",
    "R"
  ],
  "ef_eV": 0.8667617703336971,
  "path": "GXMGRX,MR",
  "n_occ": 27
}