{
  "e_pbe_eV": 1.0891184942269563,
  "chi_soc_eV": -0.7374184942269563,
  "chi_hse_eV": 0.496682,
  "e_corrected_eV": 0.848382,
  "e_experimental_eV": 1.73,
  "mae_vs_experiment_eV": 0.881618,
  "chi_soc_source": "literature",
  "chi_hse_source": "nsc_2x2x2"
}