{"GW": {"iq": 4, "q_c": {"__ndarray__": [[3], "float64", [0.3333333333333333, 1.3877787807814457e-17, 1.3877787807814457e-17]]}, "fxc": "GW", "sigma_eskn": {"__ndarray__": [[3, 1, 20, 2], "float64", [0.0012614906984962425, -0.002536742105864752, 0.0012761889504257033, -0.002557551682679564, 0.001245202417684457, -0.0025839070450637096, 0.0012400811995575151, -0.0026159222483707117, 0.001065645587868788, -0.0028495088456584098, 0.0011543442313729677, -0.002827067163809218, 0.0011299445073837755, -0.002799027536021996, 0.0012545614451397208, -0.002748888087494392, 0.0012558941799562617, -0.0027166622172364882, 0.0012669205692654312, -0.0026495042940510296, 0.001180805739024513, -0.0028636871990828003, 0.00112934897810077, -0.002835061680377079, 0.001094263019447927, -0.0028029948756397396, 0.0009314930593890421, -0.002785896444602422, 0.0009013920167784338, -0.0027499019747184335, 0.0007056228870486221, -0.0026879606184498192, 0.0008879098352654611, -0.0027766823477003073, 0.0008471477822508762, -0.0027389190110554545, 0.0006455974911131198, -0.002678015397098875, 0.0005890037202344478, -0.002674558860725982, 0.001221257816368377, -0.002544573717714757, 0.001236294018610476, -0.0025668714358078226, 0.0012048087611932052, -0.002593975603241154, 0.0012002983235427998, -0.0026269485050578237, 0.001023773696375609, -0.002888270995682768, 0.0011124678626595393, -0.002864879506823999, 0.0010881217672172596, -0.0028364817337057056, 0.0012130686370987848, -0.0027861730764427773, 0.0012143969124454573, -0.0027524821150918502, 0.0012252928781886498, -0.002685442014035302, 0.0011343933243357577, -0.0028971264686844115, 0.0010829561426342602, -0.0028682188111350225, 0.001048394085427845, -0.002836400460584246, 0.0008837241861202788, -0.002818598321068587, 0.0008538417638736843, -0.0027819687927073226, 0.0006575072979176014, -0.002719149439664332, 0.0008377378499071906, -0.002808523168934042, 0.000797370148129109, -0.0027702884559545993, 0.0005943217742451073, -0.002707923251687084, 0.0005340911060758811, -0.002703252457212591, 0.001186545699099003, -0.002554847555366126, 0.0012020272575544787, -0.0025784865903365527, 0.001170609388294894, -0.002606411810301585, 0.0011658060107194589, -0.002640502837071267, 0.000988916490798979, -0.002919821475830431, 0.0010778281609163413, -0.0028966420455186505, 0.0010528688051682257, -0.0028683102704023145, 0.001178971725152767, -0.002817163674091639, 0.001180004235553685, -0.00278316521825895, 0.0011910406619924808, -0.002715145147010012, 0.001097797518555439, -0.0029258383706876226, 0.0010458916266332568, -0.002897472304450967, 0.0010104560094116872, -0.002865822237256601, 0.0008448140008338109, -0.0028477674978966477, 0.0008152545003428767, -0.0028104496920038015, 0.0006179408770870037, -0.0027469833595767765, 0.0007976171265395646, -0.0028366548831156788, 0.0007565385103430503, -0.002798408267262312, 0.000553001267017365, -0.0027348204180159172, 0.0004904274685890628, -0.002729433281944117]]}, "sigma_eskwn": {"__ndarray__": [[3, 1, 20, 0, 2], "complex128", []]}, "dsigma_eskn": {"__ndarray__": [[3, 1, 20, 2], "float64", [-0.00598362347744156, -0.003968145436415346, -0.005992150787241006, -0.004043110987761036, -0.00597372905755113, -0.004104994310772167, -0.005971909853091693, -0.004170648970224634, -0.0059191201863823826, -0.005548296115015123, -0.005941638663921647, -0.0055551166987073495, -0.0059340952065917805, -0.005540581592204541, -0.005961308740331508, -0.005533466194347098, -0.005962010860020176, -0.005507015534453841, -0.005963661899546315, -0.00545168319759308, -0.0060016097718060026, -0.0054942730682021376, -0.005970864586576263, -0.005500600637330826, -0.005956298947891776, -0.005494424989171897, -0.005849202797278741, -0.005480149113454421, -0.0058432053431963105, -0.005458706240127277, -0.005753817674122298, -0.005396423261984637, -0.005796048506687634, -0.005462416336733426, -0.005784626440495396, -0.00543507564161922, -0.005692170240079412, -0.005359525003038534, -0.005630189366783473, -0.0053141525833356185, -0.005988302242355649, -0.003968846059172247, -0.005995220711953813, -0.004044283176331961, -0.005977513992089693, -0.004105728560727675, -0.005974815892953439, -0.0041720364501744885, -0.005923706558543149, -0.005550430304763923, -0.0059457245333745965, -0.005557970954443358, -0.0059379583280092215, -0.005544630099811769, -0.005964066579994029, -0.00552979864671587, -0.005964689382601068, -0.005506181719984867, -0.005965115399864373, -0.00545303561037654, -0.006006085536604854, -0.00548680533550568, -0.005976255957183525, -0.005492187541948233, -0.005961946388304028, -0.0054865876483536, -0.005856312489714517, -0.005475563947137603, -0.00585025214667596, -0.00545579465015477, -0.005760772497694409, -0.005398428198376767, -0.005808647064788806, -0.005453055973382503, -0.0057948118534072324, -0.005428553300520313, -0.005702249117353563, -0.005358913921534016, -0.005642788432846271, -0.005312465103517883, -0.006000858502587316, -0.003970248325353019, -0.006008493131993816, -0.004046118533922072, -0.0059900153465935095, -0.0041071303656069315, -0.005987822030792838, -0.004175256857482856, -0.005935428150257171, -0.005559111976108147, -0.005958645487146725, -0.005564335591011461, -0.005951214043606726, -0.005549103346463172, -0.005979779972568515, -0.005543518622943737, -0.0059805028563728515, -0.005516226037087274, -0.005982271322552403, -0.005461617675980964, -0.006016547457479899, -0.005500611441698846, -0.0059858887256638025, -0.00550663546359101, -0.005970969621838262, -0.00550015059171239, -0.005867020552513447, -0.005486557499947335, -0.005860325758400817, -0.005464340802020571, -0.005771517155973126, -0.005402244575488733, -0.005815808524443498, -0.005467194403380035, -0.005804005959899689, -0.00543937083845039, -0.005712489109133114, -0.0053640960014779936, -0.005653023840535632, -0.005317669344780537]]}, "inputs": {"kpts": [0, 1, 2, 3, 4, 5, 6, 7, 8, 9, 10, 11, 12, 13, 14, 15, 16, 17, 18, 19], "bands": [21, 23], "nbands": 566, "ecut_e": [3.166960607008597, 3.397407608367781, 3.6749322474956636], "frequencies": {"__ndarray__": [[2], "complex128", [0.0, 1e-06, 0.0, 27.211386024367243]]}, "fxc_modes": ["GW"], "integrate_gamma": "type: WS reduced: False"}}}