{"GW": {"iq": 2, "q_c": {"__ndarray__": [[3], "float64", [0.16666666666666669, 0.16666666666666669, 1.3877787807814457e-17]]}, "fxc": "GW", "sigma_eskn": {"__ndarray__": [[3, 1, 20, 2], "float64", [0.010330923510729131, -0.012474624684084654, 0.010374169587666784, -0.012630153761328478, 0.010308531771096013, -0.012759437104423028, 0.010312492025501671, -0.012861915317406413, 0.00953273767868844, -0.013344892459456649, 0.00980918997005679, -0.013287728546501966, 0.009704941081758438, -0.013215949562986263, 0.010175529821202716, -0.013111974961737109, 0.010172171016923963, -0.013029765916795971, 0.010203378644427528, -0.012823574138560164, 0.00837179324103191, -0.011896697264391616, 0.008304573881517596, -0.01179464155966977, 0.008178554650421704, -0.011683881620043725, 0.00773477681723173, -0.011510361150829524, 0.007611205097254443, -0.011381619469818973, 0.006863953854206707, -0.011043491093151277, 0.006780774382332645, -0.01132673157992807, 0.0066170284890245575, -0.011187640083849997, 0.00576295199261765, -0.010835600790901252, 0.004792425500864544, -0.010668175778659368, 0.010260039320104303, -0.012493139199552568, 0.01030407918092784, -0.012650001281198815, 0.01023778541717251, -0.01278073386386849, 0.010241892488225254, -0.012885335137845408, 0.0094596634561119, -0.013415116640726215, 0.00973645492710183, -0.013357730107610547, 0.009631971921745218, -0.013285764820092288, 0.010104085027957026, -0.013178410728898617, 0.01010075389606208, -0.013095912787624807, 0.010131895147132948, -0.01288706818531447, 0.00829115907919157, -0.011959697621486817, 0.008223369123332066, -0.01185685340297587, 0.00809677663994083, -0.011745267379878598, 0.007650889072220829, -0.011570874755166959, 0.007526554533068194, -0.011441414053414081, 0.006778392831623786, -0.011099612163715121, 0.006690991601238167, -0.011386657018126922, 0.006527401766617303, -0.011245343751326447, 0.00567049865428495, -0.010891168289465965, 0.004694647546622626, -0.010721228891116959, 0.0101814995269447, -0.012513231595245347, 0.010226270834143599, -0.012673105622815069, 0.010159524998523942, -0.012805022145288267, 0.010164106204646988, -0.012911524817997322, 0.009382850990031125, -0.013482010426520709, 0.00965874420206853, -0.013426195880422855, 0.009553781771481864, -0.013353015359529936, 0.010025655796257403, -0.013245759682825667, 0.010022123994928677, -0.013162311453169631, 0.010051812153477509, -0.01295104280725411, 0.008207116874374023, -0.01202034037394636, 0.0081393470961476, -0.011918032316737569, 0.008012107139724051, -0.011806875206577314, 0.007564364738540542, -0.011631596994990568, 0.007439702833789982, -0.011501607876380679, 0.006690441285894571, -0.011157391956828295, 0.0066002545588536125, -0.01144610010662093, 0.006435897770428679, -0.011304361562169867, 0.00557783078525662, -0.010947100239169526, 0.004595293247737253, -0.010774792271416294]]}, "sigma_eskwn": {"__ndarray__": [[3, 1, 20, 0, 2], "complex128", []]}, "dsigma_eskn": {"__ndarray__": [[3, 1, 20, 2], "float64", [-0.026839853091342958, -0.021687340571259005, -0.026883550711296195, -0.02195981425312094, -0.026822944532901495, -0.022172720044392413, -0.026834897856502712, -0.02236655271456213, -0.026584621476087648, -0.025741285543650978, -0.026632057932518896, -0.025772598255380058, -0.026597564675783354, -0.025745200382349075, -0.026695478452035827, -0.025699151570848053, -0.026693871451499814, -0.025645706273000786, -0.02670130051158726, -0.02548971454361502, -0.02589495838952987, -0.024531211123203625, -0.025865996764256105, -0.024548331668813726, -0.025825353455672356, -0.024538220328692135, -0.025637398445572772, -0.02445704079090717, -0.025626605266391368, -0.024407984700580556, -0.02542318021050674, -0.0242265586727024, -0.02508534980566285, -0.02434980515049016, -0.025047162865528307, -0.024291438856958423, -0.024846305906858428, -0.02407729470262476, -0.024369565706270847, -0.023919388580047565, -0.026842276964336855, -0.021683239828338696, -0.026881314946661627, -0.021957013420912535, -0.02681989058427568, -0.022170655365980427, -0.0268281641468463, -0.02236135617055229, -0.026570327000733533, -0.025672934641345867, -0.0266161973672286, -0.025705449137484352, -0.026574754319243245, -0.025696347860117593, -0.026677481377838107, -0.025668059798692102, -0.02667701523407411, -0.02563891316000479, -0.026683109681058977, -0.025494267346369472, -0.025916775467743878, -0.02453246792976833, -0.025882886022672857, -0.02454791414918342, -0.025838862311435663, -0.02453508530992375, -0.02564325998845842, -0.02445104268119372, -0.025621116000446652, -0.024403999478783144, -0.025428983128673654, -0.024218400748993268, -0.025100649368922832, -0.02435183035747396, -0.025061985141995192, -0.024290509555075987, -0.024860685412422676, -0.024076732861318877, -0.02438326736583748, -0.023918588103284122, -0.026859420338110587, -0.021678937323242255, -0.026898840659263158, -0.021952622855199753, -0.026838603947719544, -0.02216616759233584, -0.026846837082944736, -0.022360116997360187, -0.02659420560275247, -0.025771036584157848, -0.026638582406531258, -0.025791495649525632, -0.026597252004471814, -0.025757745483133636, -0.026700587789762625, -0.025722786508648926, -0.026700359803612145, -0.02566417458324545, -0.02670592124966211, -0.02551351665325134, -0.025938761338137047, -0.024541590861373083, -0.025904228852956696, -0.024556832243409033, -0.02586014942951397, -0.024543822842423773, -0.025664000830763374, -0.024459439951902917, -0.025642041130975735, -0.024411903756336208, -0.025449224124216144, -0.02422509536809033, -0.025120035439878476, -0.024359412515394366, -0.025081184607538116, -0.024297528396809178, -0.02487942447871513, -0.024082333008857, -0.024402624463149336, -0.023922956452542717]]}, "inputs": {"kpts": [0, 1, 2, 3, 4, 5, 6, 7, 8, 9, 10, 11, 12, 13, 14, 15, 16, 17, 18, 19], "bands": [21, 23], "nbands": 566, "ecut_e": [3.166960607008597, 3.397407608367781, 3.6749322474956636], "frequencies": {"__ndarray__": [[2], "complex128", [0.0, 1e-06, 0.0, 27.211386024367243]]}, "fxc_modes": ["GW"], "integrate_gamma": "type: WS reduced: False"}}}