{"GW": {"iq": 1, "q_c": {"__ndarray__": [[3], "float64", [0.16666666666666669, 1.3877787807814457e-17, 1.3877787807814457e-17]]}, "fxc": "GW", "sigma_eskn": {"__ndarray__": [[3, 1, 20, 2], "float64", [0.011926890453093, -0.012915216359268766, 0.011963466597589716, -0.013057109172336554, 0.011907436035387473, -0.013148038508328554, 0.011914490718456417, -0.013200903333505319, 0.011532295353463153, -0.013497391035238965, 0.011647053436560043, -0.01346479137089372, 0.011578254511290582, -0.013421026897569402, 0.011842045257231133, -0.013330774833673172, 0.01184242456875252, -0.013273490927077289, 0.011879725020610278, -0.013147705707774526, 0.011051750239539714, -0.012767563203682653, 0.011005685135684678, -0.01271592294805279, 0.010941255543643605, -0.012655509260380253, 0.010644546204908765, -0.012540988460567514, 0.010575867855942762, -0.012462136657557864, 0.010171085791801673, -0.012220933565992624, 0.010109117452650288, -0.012402006330436, 0.009995884669601572, -0.012310495884540924, 0.009442989300330693, -0.012026039305810919, 0.008533626027919117, -0.011777628445172493, 0.011895684361523428, -0.012924732970334418, 0.011933099604871995, -0.013067213154144929, 0.01187648989771507, -0.013158662491918723, 0.011883858287636403, -0.013212723419020647, 0.01149916533185016, -0.013532997247405022, 0.011614909214819788, -0.013499809141534432, 0.011546087894553777, -0.0134549274001855, 0.01181058598171984, -0.01336362327738901, 0.01181136244973522, -0.013305993552442141, 0.011848310735005084, -0.01317853923300398, 0.011016206187504308, -0.012797217957475416, 0.010969653557586355, -0.012745776310631443, 0.010905337433055952, -0.012684456247350888, 0.010607009918836861, -0.012569674900084366, 0.010538370834910316, -0.012490405245977871, 0.01013179940827045, -0.012248174503247541, 0.010069765353205924, -0.012429961264558649, 0.009955734815081259, -0.012337870834284514, 0.009402497954469177, -0.012051850605655771, 0.008489148748838424, -0.011802819646630054, 0.011853428743718683, -0.012935139169626533, 0.011891035198584112, -0.01307848203245911, 0.011834582526741043, -0.01317105335899068, 0.01184208549226389, -0.013225699531307072, 0.011458553714242039, -0.013567067007226914, 0.011573515873130122, -0.013534188442346225, 0.011504237642252453, -0.013489740975002457, 0.011769359377195627, -0.013398005831472208, 0.011769440609040756, -0.013339658884928548, 0.01180571186978788, -0.013210942610865958, 0.010972516699754893, -0.012828187830544308, 0.01092510162298309, -0.01277732951682275, 0.010860672867553002, -0.01271594509475972, 0.010560969766614694, -0.01260093007919303, 0.010492020472429975, -0.012521440364806463, 0.010085083170673272, -0.012277605794802757, 0.010021336709844083, -0.012460800227626006, 0.00990666186230971, -0.012368350162049277, 0.0093522314539314, -0.012080720473879062, 0.008435950297252118, -0.011830217784446415]]}, "sigma_eskwn": {"__ndarray__": [[3, 1, 20, 0, 2], "complex128", []]}, "dsigma_eskn": {"__ndarray__": [[3, 1, 20, 2], "float64", [-0.0257210204779307, -0.02283557797233351, -0.025750788390237467, -0.02302715327457653, -0.025698559093907527, -0.023157280717795773, -0.025707642372568736, -0.02326259891599097, -0.02566497993162994, -0.02546480345790069, -0.025629559301036706, -0.025470999743637087, -0.025605017780646715, -0.02544295719222175, -0.025617815084909932, -0.02541046978934141, -0.025617857225187356, -0.025364316365423804, -0.025622640166649602, -0.025264716043876072, -0.02541749791239575, -0.024849162726434705, -0.025396412968014866, -0.02485579844836806, -0.0253816709117026, -0.024841664675510067, -0.025247083193120325, -0.02477801312778804, -0.02524140182234416, -0.024738378015918664, -0.025161932249245417, -0.024588505129695598, -0.024932173534602652, -0.024700776103625158, -0.0249058365473342, -0.02465091102248587, -0.024780489112364922, -0.024472518537615236, -0.024345975785531625, -0.024333269853925935, -0.025688307028955637, -0.022843283629128776, -0.025716157288679174, -0.023030114273596688, -0.02566945939431084, -0.023161101063740475, -0.02567741884191288, -0.02327248584103086, -0.025608580758088733, -0.025443652601213826, -0.025588525611887354, -0.025455627958418773, -0.02556238699050602, -0.025432511462848226, -0.025593612843615547, -0.02539892030993543, -0.025593567125946615, -0.02535624031440276, -0.025599599910123824, -0.02526274097943212, -0.02539684120141067, -0.024811644164452966, -0.025372048419829544, -0.024822559133652746, -0.025355361341301983, -0.024813321308767823, -0.02521022881245523, -0.024751606370543203, -0.025205122544342717, -0.02471720571731678, -0.025122696666887337, -0.024572677973141825, -0.024917853247008043, -0.024678584947215535, -0.024889828378935205, -0.024633963795749392, -0.024755515350361756, -0.024459648797878798, -0.024337949705302255, -0.024322346970521606, -0.025682357252105655, -0.02283851715046527, -0.02571047018604056, -0.023032725973550154, -0.02566603416132647, -0.023167205914198002, -0.025674130284091826, -0.023274437978257942, -0.02563881609821011, -0.025412761651531484, -0.025603653181761225, -0.02542596291982712, -0.0255794540930671, -0.025404197958499547, -0.025594014480448738, -0.025376554266670088, -0.02559423012359087, -0.0253352362891624, -0.025600044755443058, -0.025246653575241997, -0.02539676179157305, -0.02480729914003154, -0.025373250293232317, -0.02481773518461826, -0.025357220903978146, -0.02480744230042256, -0.0252237372015606, -0.02474862991996454, -0.025218049490632163, -0.024712899855494273, -0.02513992109782077, -0.024570290072621175, -0.024913673037110527, -0.02467666473522497, -0.024886826951540788, -0.024630500052718596, -0.02476102879037654, -0.024458171098191976, -0.024335616895679892, -0.02432146981485816]]}, "inputs": {"kpts": [0, 1, 2, 3, 4, 5, 6, 7, 8, 9, 10, 11, 12, 13, 14, 15, 16, 17, 18, 19], "bands": [21, 23], "nbands": 566, "ecut_e": [3.166960607008597, 3.397407608367781, 3.6749322474956636], "frequencies": {"__ndarray__": [[2], "complex128", [0.0, 1e-06, 0.0, 27.211386024367243]]}, "fxc_modes": ["GW"], "integrate_gamma": "type: WS reduced: False"}}}