{"GW": {"iq": 6, "q_c": {"__ndarray__": [[3], "float64", [0.3333333333333333, 0.16666666666666669, 0.16666666666666669]]}, "fxc": "GW", "sigma_eskn": {"__ndarray__": [[3, 1, 20, 2], "float64", [0.005151374401404607, -0.010184525469929413, 0.005199062621268, -0.010234766726141693, 0.00512342494922239, -0.010332370941654486, 0.005108236227675344, -0.010485813253644128, 0.0038361375904299453, -0.010926923243969624, 0.004443884563672269, -0.010810050468911552, 0.004350196475012939, -0.010679280709383319, 0.005044374331495628, -0.010586953036815273, 0.005043405417649026, -0.010441843571177167, 0.0050742197150150615, -0.01011790747606649, 0.002130226760497588, -0.00956899056472356, 0.0020417925782668022, -0.009436480326851057, 0.0018750164193050117, -0.009311080723977004, 0.0014096587243597563, -0.009224219714049194, 0.0012481598803065917, -0.009109800598878627, 0.00029277111030649126, -0.008973911801885552, 0.000598335276039957, -0.009179602242974882, 0.00044939277992591, -0.009079927255952547, -0.0003018128350081373, -0.008994203327469532, -0.0007030284794733265, -0.009072362478187232, 0.005000528653127417, -0.010217116531412591, 0.005050120811267, -0.010272728802498302, 0.004974157291784733, -0.010374475336098166, 0.0049573783358482235, -0.010532258039329098, 0.0036819848168281977, -0.011066524766251128, 0.0042907837177120454, -0.010952509802669232, 0.004195590357480911, -0.010820925213806181, 0.004892000515790033, -0.010725540289744836, 0.004890435828130334, -0.010578461934836766, 0.004920376932568072, -0.010249879055243227, 0.001956757097931136, -0.009697414869618596, 0.0018649557971587658, -0.009568333577518889, 0.001697357462567494, -0.009441397453404101, 0.0012295869738811567, -0.009351936786931497, 0.001066254357647799, -0.009238202385517237, 0.00010934252763048384, -0.009095892761978867, 0.0004066254378316194, -0.009305622421529845, 0.00025644811378695793, -0.009203827028149906, -0.0004981002525658048, -0.009113788993375664, -0.0009131737228854816, -0.009185478743064676, 0.004845200544249716, -0.010256767373284787, 0.004895737193047329, -0.010318062379995732, 0.004817854860240854, -0.010423521876540675, 0.004802688782466421, -0.010584796565075827, 0.0035235665405786176, -0.011203836016693978, 0.0041312180787781904, -0.011091827412302612, 0.004036255905609215, -0.010959210102534946, 0.004733291252774665, -0.010860914633617318, 0.004732836783924065, -0.010713740785455728, 0.004761743694965517, -0.01038197221158861, 0.0017862332755115844, -0.009822615908589094, 0.0016941168878151197, -0.009692734515661657, 0.0015258452789111547, -0.009565252954938114, 0.0010545245316036422, -0.009475122935564522, 0.0008919101540885107, -0.009359664104610612, -6.569987781236743e-05, -0.009213227722023437, 0.00022440458733202618, -0.009426494533819376, 7.272732337211347e-05, -0.009322829881215036, -0.0006823445838478597, -0.009227047554660943, -0.0011090081187625613, -0.009294540610416695]]}, "sigma_eskwn": {"__ndarray__": [[3, 1, 20, 0, 2], "complex128", []]}, "dsigma_eskn": {"__ndarray__": [[3, 1, 20, 2], "float64", [-0.025186625776051186, -0.016024274525726988, -0.02521379590535891, -0.01631367154382068, -0.02512107698658804, -0.016582676025379925, -0.02511105445812003, -0.016935401245217307, -0.024739002915192713, -0.023542611483029552, -0.02481754194641254, -0.023401473393336578, -0.024789739109939656, -0.023250283754252383, -0.024864697851394467, -0.023407616954932618, -0.024863186904141122, -0.02324562727024662, -0.02485993349262229, -0.02293593606647731, -0.023963214132862256, -0.02203429893721048, -0.023921063442541888, -0.022064660676538495, -0.023870360787272192, -0.02205216648076748, -0.023599802103745886, -0.02198155032860352, -0.023572087673182248, -0.021924973349994638, -0.02324871003641426, -0.021734605845099862, -0.02309856182115359, -0.02189446177529911, -0.023073413347391675, -0.021822837193333403, -0.022835103396142743, -0.021597879097800136, -0.022498420025136728, -0.02143436626127859, -0.02523589739179965, -0.016026598113366274, -0.02526222953784372, -0.01631919134412355, -0.02515088700058723, -0.01657568532075664, -0.02514305490555937, -0.016908605276402023, -0.02473827526859693, -0.02356774704824768, -0.024861062185754602, -0.0235525109330664, -0.024839572804790096, -0.02341545776856083, -0.02491377821044087, -0.02344110742014059, -0.024912766463120607, -0.02326677526838402, -0.02491276251800715, -0.022932418915735536, -0.024008657485621643, -0.022038266959951543, -0.023964061874697178, -0.022070561445837814, -0.02391046239957343, -0.022059597607309484, -0.02363988454259966, -0.021988485688590863, -0.023613714773928388, -0.021933398151606793, -0.02328499068047557, -0.021743700745685563, -0.02314491127454272, -0.021902826069936557, -0.023118627557029203, -0.021831452069673813, -0.0228798411684731, -0.0216068736563941, -0.022549722387193976, -0.02144217523670741, -0.025261749866726635, -0.016031603097326298, -0.025298583554280274, -0.016327441448855107, -0.02518478102957654, -0.016585140367622934, -0.025178220087400293, -0.016911696688399966, -0.02474696592536071, -0.023345364735718438, -0.024879058840591207, -0.02344660505905983, -0.024853410501958956, -0.02335838050982767, -0.02493829114338214, -0.023377272409407117, -0.02494099715931562, -0.023234470192192422, -0.024941195420639776, -0.022910339756412164, -0.02404522618983184, -0.022053418829230037, -0.02400007293345276, -0.022084211287017402, -0.023946375937510714, -0.022073320347155655, -0.023680180788851368, -0.022003100558794956, -0.02365108476208198, -0.021947337732926283, -0.02332486046122609, -0.021758356061507656, -0.023188499181876345, -0.021919318147212995, -0.02316245569027449, -0.02184685553841565, -0.02292360960613957, -0.021622018148244906, -0.02259818055395314, -0.021457200660462115]]}, "inputs": {"kpts": [0, 1, 2, 3, 4, 5, 6, 7, 8, 9, 10, 11, 12, 13, 14, 15, 16, 17, 18, 19], "bands": [21, 23], "nbands": 566, "ecut_e": [3.166960607008597, 3.397407608367781, 3.6749322474956636], "frequencies": {"__ndarray__": [[2], "complex128", [0.0, 1e-06, 0.0, 27.211386024367243]]}, "fxc_modes": ["GW"], "integrate_gamma": "type: WS reduced: False"}}}