{"GW": {"iq": 3, "q_c": {"__ndarray__": [[3], "float64", [0.16666666666666669, 0.16666666666666669, 0.16666666666666669]]}, "fxc": "GW", "sigma_eskn": {"__ndarray__": [[3, 1, 20, 2], "float64", [0.004192869916775413, -0.005685807546333791, 0.004208183334806721, -0.0057424913271242346, 0.004185174421835886, -0.005802775402952816, 0.0041853691829288565, -0.005870635456640964, 0.0036509474540952834, -0.006122609265146498, 0.0038640998346634006, -0.006092027414904867, 0.0038137466783170343, -0.006052912192783859, 0.004101126640795344, -0.006039050252648574, 0.004098656076585668, -0.006001098759849923, 0.004107835759472115, -0.005877730026254414, 0.0026791557381818255, -0.005105562938467887, 0.002652056387325988, -0.005036532192426567, 0.0025721566843208707, -0.004965878756414663, 0.0023579834465507522, -0.004889384609178332, 0.0022790744328772673, -0.004814945948781813, 0.0018141184501992836, -0.004655175816993802, 0.0018100822378730411, -0.004844772436592572, 0.0017265469113273706, -0.004771908703423257, 0.0012761581084005458, -0.004631717165083946, 0.0008803096072602081, -0.004624710712147369, 0.0041374272534838484, -0.005695887959754488, 0.0041528767905104, -0.0057546686805017505, 0.004129535660710518, -0.0058164301973919075, 0.004130205711299409, -0.0058857267891272306, 0.0035951288871265835, -0.006173185121433677, 0.0038080314027974125, -0.006142307778193002, 0.0037567538690555548, -0.006102946990001248, 0.004045914501839516, -0.006088170425418167, 0.004042451507146571, -0.006048646810304246, 0.004051753887131783, -0.0059237910969957945, 0.0026168222111546124, -0.005149898840964495, 0.0025888151915902063, -0.005081341671981865, 0.0025077673649409648, -0.005011733317637529, 0.002293114348774497, -0.004933162400957654, 0.0022138694322768942, -0.004858035389621304, 0.0017480462907717735, -0.004696368449305394, 0.0017411580246711187, -0.004887172759207074, 0.0016561282747988154, -0.004815247238855001, 0.0012057330188891269, -0.004671070504377652, 0.0008035992530401589, -0.004663727886492128, 0.004083583048149006, -0.005709963519346629, 0.004100317458954991, -0.005769770634877644, 0.004076123312427745, -0.00583285647864039, 0.004076933845739704, -0.005903154105845931, 0.003541800690039106, -0.006220273727080205, 0.003754501634927713, -0.006188769788725606, 0.003703095738352097, -0.006149712425159938, 0.0039917005203213745, -0.006134809389007932, 0.003988808450010042, -0.006094282177151887, 0.003997759871708609, -0.00596868391154436, 0.0025591385203009073, -0.005191909829047999, 0.0025309182783258125, -0.005123374322148253, 0.0024499398880269982, -0.005053387925748965, 0.0022335301808376344, -0.004975037429421902, 0.0021545596768998776, -0.004899026581624287, 0.0016880530837144613, -0.004736214535045531, 0.0016795733746844434, -0.004928078152628245, 0.0015944762994741135, -0.0048550452421289945, 0.0011430433544179362, -0.004709034326785448, 0.0007375932200165438, -0.004700022447580123]]}, "sigma_eskwn": {"__ndarray__": [[3, 1, 20, 0, 2], "complex128", []]}, "dsigma_eskn": {"__ndarray__": [[3, 1, 20, 2], "float64", [-0.012824886023944689, -0.009672897792018503, -0.01284001621543076, -0.009812763685866508, -0.012808897480777544, -0.009930387903606305, -0.012812591409572478, -0.010058309168012619, -0.012644270537689196, -0.012313427146700123, -0.01268402420702084, -0.012283079740837049, -0.012668761223247527, -0.01227749678020661, -0.012715000548581207, -0.012281197090039572, -0.012713623879298273, -0.012229419591033928, -0.012712626547584406, -0.012127484802888219, -0.01217064220153924, -0.01141150654300643, -0.01215968156133271, -0.01142201570468443, -0.012135119414423976, -0.01141715211181437, -0.012052491336297646, -0.0113850552068248, -0.012040637568531349, -0.011363105738227205, -0.01193409198271871, -0.011283904519734865, -0.011759986966315032, -0.011350343797000385, -0.01174575686603408, -0.011321838780777076, -0.011658462722930944, -0.011230031661668055, -0.011447991114169283, -0.011164746052370587, -0.01282559200416969, -0.009671226190525873, -0.012838241784949925, -0.009811667395134031, -0.012804855611805943, -0.009929775479556879, -0.012807910002117194, -0.01005729967837459, -0.012643898696405906, -0.01221025771449289, -0.012679447292295485, -0.012178012204441282, -0.012662766972387449, -0.012224040186224106, -0.01270507681675869, -0.012147691668359687, -0.012704056740132235, -0.012099016569235397, -0.012704928233805625, -0.012019694732219468, -0.012185620281495266, -0.011414840408706642, -0.012174861794676028, -0.01142524402672343, -0.012150696974758544, -0.011420406989214456, -0.012068353717552653, -0.011388445503654955, -0.01205666241078604, -0.011366091599282155, -0.011952411908102978, -0.01128658809292101, -0.011777265521979063, -0.01135284843551027, -0.011763412256359641, -0.011324345499943248, -0.011676142895980996, -0.011231632559378812, -0.011466711924242144, -0.011165667693873718, -0.012846315421931659, -0.009671105972542011, -0.012858845365835278, -0.009811695051545083, -0.012826670425654534, -0.009928938482767912, -0.01282965826225621, -0.01005475848561052, -0.012671726424968716, -0.012244833948737207, -0.012706647665542501, -0.01224208606601669, -0.012695532190034666, -0.01224413776032098, -0.012747833496446538, -0.012221804756946791, -0.012740190825418673, -0.012149202914064024, -0.012751598750004938, -0.012079469786621838, -0.012203381682461692, -0.011420229142778045, -0.01219226565630588, -0.011430911911293534, -0.012167994832655831, -0.01142625063102985, -0.012084692685731082, -0.01139305733654473, -0.012072763182107876, -0.011370799862818378, -0.011965296426545181, -0.011290584036127416, -0.01179299043845827, -0.011358471504139277, -0.011778993523486693, -0.011329852871677233, -0.011690600995409093, -0.011236287961173463, -0.011482408843254742, -0.011170474149900685]]}, "inputs": {"kpts": [0, 1, 2, 3, 4, 5, 6, 7, 8, 9, 10, 11, 12, 13, 14, 15, 16, 17, 18, 19], "bands": [21, 23], "nbands": 566, "ecut_e": [3.166960607008597, 3.397407608367781, 3.6749322474956636], "frequencies": {"__ndarray__": [[2], "complex128", [0.0, 1e-06, 0.0, 27.211386024367243]]}, "fxc_modes": ["GW"], "integrate_gamma": "type: WS reduced: False"}}}