{"GW": {"iq": 5, "q_c": {"__ndarray__": [[3], "float64", [0.3333333333333333, 0.16666666666666669, 1.3877787807814457e-17]]}, "fxc": "GW", "sigma_eskn": {"__ndarray__": [[3, 1, 20, 2], "float64", [0.005861059919348617, -0.010927686441850841, 0.005925899952167966, -0.01101103843519604, 0.005804559545361963, -0.011127374400160248, 0.005785344939815945, -0.011273188006360681, 0.0047143231477310005, -0.011894956011671372, 0.005219875975847214, -0.011772233392735889, 0.0051098487312748065, -0.01163143759711477, 0.005765016614775871, -0.011431441734391156, 0.005764384564321409, -0.011277284549818236, 0.005805260165864546, -0.010981978448343737, 0.004123893517169146, -0.01125696601673226, 0.003961674632735236, -0.011115197408870658, 0.0037953556352331233, -0.010969034784560678, 0.0031535302822581846, -0.010833327596520212, 0.0030015682924985315, -0.010686058488133475, 0.002042137905793294, -0.010437932116005195, 0.00252984982600027, -0.010699457642022188, 0.002359346345470076, -0.01055971562735262, 0.001526391725972785, -0.010369756924871451, 0.0011253491594395916, -0.010369355122463593, 0.005708072710201304, -0.010961867208536374, 0.005775061570829579, -0.0110502581332879, 0.0056504097258559555, -0.011169729920589204, 0.0056321156885963735, -0.011318359038378998, 0.004562010270813878, -0.012044079227360902, 0.005065492948880198, -0.011919849643610583, 0.004954330618808785, -0.011775400136138838, 0.005608449267461107, -0.0115662707677513, 0.005609605385065454, -0.011408317995947515, 0.005648580814453002, -0.01110491396476775, 0.003946268656857841, -0.011382163694885098, 0.0037869707540408256, -0.011236446737584773, 0.0036168425499923467, -0.011089318537785891, 0.0029708587507895914, -0.01095533592382063, 0.0028115192149925244, -0.010806114269972663, 0.001855299057296376, -0.010555772643642445, 0.002333675005995219, -0.010821522459408234, 0.002162984064631867, -0.010678381914803511, 0.0013264265763943816, -0.01048277460505777, 0.0009099024361060231, -0.010477968925080561, 0.005555269729608984, -0.011003391027032624, 0.005625096933360969, -0.011096976996031767, 0.005498569776016749, -0.011220055072138498, 0.005479825516625819, -0.011372257006114158, 0.004409488610577199, -0.012179740645181661, 0.004913004709606952, -0.012056576833931179, 0.004800930761783686, -0.011911491202547418, 0.005456161323840979, -0.011695307535887536, 0.005456713679647423, -0.011535799883691536, 0.005495106291179605, -0.011226857914736765, 0.0037855623139160777, -0.01149586932861452, 0.003619645115340211, -0.0113539288082715, 0.0034403459117826616, -0.011206713973968378, 0.002800097450592416, -0.011071662294624727, 0.0026386153806644895, -0.010923142629351576, 0.0016846157149671707, -0.01066838332998319, 0.0021527346518816484, -0.010937149323115005, 0.0019831122956744, -0.010792694646140579, 0.0011438491422061951, -0.010592405605852468, 0.0007159649310741944, -0.010582554772044289]]}, "sigma_eskwn": {"__ndarray__": [[3, 1, 20, 0, 2], "complex128", []]}, "dsigma_eskn": {"__ndarray__": [[3, 1, 20, 2], "float64", [-0.027020472792237665, -0.017214460782215, -0.027078745310740143, -0.017423969851363286, -0.02669147379107502, -0.017509801693105002, -0.0266353881167157, -0.017591070363156887, -0.02647332115030966, -0.028958802434954127, -0.026447172072508435, -0.02699000952556027, -0.026721644491691975, -0.024873404095450056, -0.02614312869271401, -0.025403945011089592, -0.026213305344332655, -0.02339502297428185, -0.02630391092940595, -0.023017976298245497, -0.02720663725845726, -0.02717688855161464, -0.027280158000615652, -0.02675688872132882, -0.02723192503432322, -0.02622976539557065, -0.026200665513695324, -0.025807369936320292, -0.02474166353853069, -0.025331264130498746, -0.025512256081182648, -0.024322657950478783, -0.025351293591479345, -0.025222753712425952, -0.02536761595727901, -0.02477320254611057, -0.024785020305965147, -0.02384362759672141, -0.024270760994074752, -0.023425877531122546, -0.02712647998240072, -0.017226188721992358, -0.027366835494909723, -0.017452384551538157, -0.02653378044232396, -0.017307341699084128, -0.026430296282041382, -0.017463873373892966, -0.02722574293079574, -0.027925475363310467, -0.027037080882234825, -0.0275298609042008, -0.02699004094783449, -0.026918108847731808, -0.02622465682000973, -0.02547631046834843, -0.026297999596778716, -0.024985444695827533, -0.026316575912539587, -0.023720769060487305, -0.02794077477735598, -0.02541915321339367, -0.027734920843765113, -0.025354729676506555, -0.025459368214374986, -0.025312529188023958, -0.026544123642218715, -0.025089749570816243, -0.024910778266861732, -0.02497372577798122, -0.026020332201291338, -0.024382482647160083, -0.02542399636569949, -0.02521572693121385, -0.025481292516015382, -0.024780142362677476, -0.024839332408084752, -0.023871855691904833, -0.024318311085116198, -0.023417818454353274, -0.027276814710542833, -0.01724331059356163, -0.027637697407299284, -0.017446498904478525, -0.026672725620821954, -0.017368259483340878, -0.026379670006977655, -0.017638062951916195, -0.02766711072346886, -0.027317198367119898, -0.02705743383353888, -0.0271882296509542, -0.026893482462789206, -0.02695249485472834, -0.02637328391549216, -0.02499245148872414, -0.026440881945964227, -0.024722703233477406, -0.026388779903718042, -0.022714507941489156, -0.028872556336008156, -0.02483397795263815, -0.02708852825634409, -0.024825742657749363, -0.02287649358730591, -0.02406784507339033, -0.025962954719341815, -0.02512090032141968, -0.026013273608572172, -0.024838933379888243, -0.026165701211762284, -0.024386151933935316, -0.02549620601123308, -0.024990716984827275, -0.02561470340975313, -0.024664078305304423, -0.02489840428814814, -0.0238943170229559, -0.024360800585988666, -0.023419705598625374]]}, "inputs": {"kpts": [0, 1, 2, 3, 4, 5, 6, 7, 8, 9, 10, 11, 12, 13, 14, 15, 16, 17, 18, 19], "bands": [21, 23], "nbands": 566, "ecut_e": [3.166960607008597, 3.397407608367781, 3.6749322474956636], "frequencies": {"__ndarray__": [[2], "complex128", [0.0, 1e-06, 0.0, 27.211386024367243]]}, "fxc_modes": ["GW"], "integrate_gamma": "type: WS reduced: False"}}}