{"GW": {"iq": 0, "q_c": {"__ndarray__": [[3], "float64", [1.3877787807814457e-17, 1.3877787807814457e-17, 1.3877787807814457e-17]]}, "fxc": "GW", "sigma_eskn": {"__ndarray__": [[3, 1, 20, 2], "float64", [0.013952247118389821, -0.014177584478605983, 0.013951225801093774, -0.014175508077150418, 0.013951749758873436, -0.014175020817881143, 0.013949963869986676, -0.014176720891328333, 0.013940039826641026, -0.014216590184442879, 0.01394797991261276, -0.014216316375231828, 0.013946986659191004, -0.014216130867430657, 0.013953552718524052, -0.014216639299655455, 0.013954328634947053, -0.014217061124862198, 0.013957048301227714, -0.014218128686036365, 0.013978809038470541, -0.014226228556884199, 0.013973258500655087, -0.014225326660979375, 0.013970991956349023, -0.01422448827355229, 0.01395432877692596, -0.014225415721561597, 0.013953379551343945, -0.014225527066245807, 0.013940783738926996, -0.014228840738631955, 0.013953297110814574, -0.014227519630094354, 0.013950745520395949, -0.014228086857968255, 0.013936824595566237, -0.014233888835732898, 0.013927299465515334, -0.01424170182245718, 0.013947983679743476, -0.014179563810836238, 0.01394699356771742, -0.014177617656727584, 0.013947362214459346, -0.014177276682780494, 0.013945725762248829, -0.01417913647937598, 0.013935265490716265, -0.014222522070139802, 0.013943471726921038, -0.014222060545834152, 0.013942461169397952, -0.014221634797457845, 0.013949138061729097, -0.01422227659894388, 0.013949826408689291, -0.014222243751596836, 0.013952516824563799, -0.014223359560906663, 0.013973619612654536, -0.014231312827857572, 0.013968275864421304, -0.014230222725520766, 0.013965882897232898, -0.014229516285557893, 0.013949032601533505, -0.014230167324985938, 0.013948007575588285, -0.01423025595734005, 0.013935215004307874, -0.01423348248014587, 0.013947571525697568, -0.01423201021231173, 0.013945110012317354, -0.014232781363421954, 0.01393079043033762, -0.014238349935320672, 0.013921302672813851, -0.014245610487473161, 0.013939724201375663, -0.014181108247919795, 0.013938845003041525, -0.01417936699702481, 0.013939340346091808, -0.014179137333873708, 0.013937607170232607, -0.014181206499587923, 0.013927484283069055, -0.014228640956706323, 0.013935461724041018, -0.0142283289986829, 0.013934366781354927, -0.014227894058000002, 0.013941202339926333, -0.014228347189826306, 0.013941867238542134, -0.014228321082323544, 0.013944442858702394, -0.014229035159706981, 0.013965642917714734, -0.014236845749536951, 0.01395992010628844, -0.014235733877882614, 0.013957330281368197, -0.014235078488710706, 0.01394022965502432, -0.01423572987756248, 0.013939211228270262, -0.01423569781174965, 0.013926126223841769, -0.014238800528001763, 0.01393818913863374, -0.014237693166430624, 0.013935814438301405, -0.014238149075458534, 0.013921256332330626, -0.014243367872871742, 0.013910939030543728, -0.014250532686963044]]}, "sigma_eskwn": {"__ndarray__": [[3, 1, 20, 0, 2], "complex128", []]}, "dsigma_eskn": {"__ndarray__": [[3, 1, 20, 2], "float64", [-0.026764224676775115, -0.02646409876988401, -0.026765094279744335, -0.026470135077966805, -0.026762136052279492, -0.02647513131551009, -0.026760455984574206, -0.026481844800371253, -0.026740692032924295, -0.026618255854184685, -0.0267524832827879, -0.02662100372972943, -0.02675133474413134, -0.026622220899030238, -0.026760412741994352, -0.026623772213958383, -0.026760974557836874, -0.026624443913023387, -0.02676274522677841, -0.02662478930916707, -0.026779221819736927, -0.02660557270344141, -0.026770813964115077, -0.02660813883580426, -0.026766866730835486, -0.026609767527190308, -0.0267411654118609, -0.026609569846018016, -0.02673966504423505, -0.02661022589707336, -0.0267212800756701, -0.02660888923610083, -0.026731257552603818, -0.02660862328372279, -0.026728437624957208, -0.026608849112423578, -0.02671263829407946, -0.02660643353284018, -0.02670457746472257, -0.02660302797426888, -0.02675929403855625, -0.02645755602264121, -0.026760101870584044, -0.02646362269105747, -0.02675762279180462, -0.026468652350111102, -0.02675589700286422, -0.026475414206552982, -0.026737192903607567, -0.026612354239691202, -0.026748593625215197, -0.026615109467210053, -0.026747466037270164, -0.026616318601928618, -0.026756270412821484, -0.026618152604517616, -0.026756800837037877, -0.02661873072705883, -0.02675841478851388, -0.026619360075765583, -0.02677706999980887, -0.026599161380786218, -0.026768225666746002, -0.026601721182967997, -0.026764145758661758, -0.02660341198126513, -0.026737401445251004, -0.026603277972488706, -0.026735827549882317, -0.0266039547383973, -0.026716728598499245, -0.026602742930934356, -0.02672697982328246, -0.026602670775920444, -0.026724004229075473, -0.026602962567109013, -0.02670771401477272, -0.02660064097366115, -0.026699412151844574, -0.026597552479251673, -0.02675319130946196, -0.026449257652289705, -0.02675397752440601, -0.026455405723693023, -0.026751636002989028, -0.026460479823505863, -0.026749924044084092, -0.026467285209155453, -0.026730780406151986, -0.026605375895079407, -0.02674252804849196, -0.02660816867748204, -0.026741355616407326, -0.026609376377690015, -0.02675065547315184, -0.02661106925764423, -0.02675124833435766, -0.02661165411301933, -0.026753142264192, -0.026612123630792604, -0.026770822411419235, -0.02659160098924206, -0.02676206936879372, -0.026594171848919945, -0.02675803686352084, -0.026595884218372612, -0.026731337341326072, -0.02659571512952837, -0.026729765668898942, -0.02659637237674723, -0.02671069289014154, -0.02659509588448777, -0.0267209718057852, -0.026595056156645636, -0.026717967329493195, -0.02659528484696422, -0.02670167267948252, -0.026592834204967206, -0.02669337951755521, -0.026589600085391095]]}, "inputs": {"kpts": [0, 1, 2, 3, 4, 5, 6, 7, 8, 9, 10, 11, 12, 13, 14, 15, 16, 17, 18, 19], "bands": [21, 23], "nbands": 566, "ecut_e": [3.166960607008597, 3.397407608367781, 3.6749322474956636], "frequencies": {"__ndarray__": [[2], "complex128", [0.0, 1e-06, 0.0, 27.211386024367243]]}, "fxc_modes": ["GW"], "integrate_gamma": "type: WS reduced: False"}}}