{
  "U2.00": {
    "u_ev": 2.0,
    "energy_eV": -114.517887,
    "gap_eV": 0.6793,
    "transition": "(26\u219227)  [0.5, 0.5, 0.5]\u2192[0.0, 0.5, 0.5]  [indirect]",
    "n_iters": 15,
    "converged": true
  },
  "U2.25": {
    "u_ev": 2.25,
    "energy_eV": -114.639979,
    "gap_eV": 0.8109,
    "transition": "(26\u219227)  [0.5, 0.5, 0.5]\u2192[0.0, 0.5, 0.5]  [indirect]",
    "n_iters": 16,
    "converged": true
  },
  "U2.50": {
    "u_ev": 2.5,
    "energy_eV": -114.795843,
    "gap_eV": 0.9745,
    "transition": "(26\u219227)  [0.5, 0.5, 0.5]\u2192[0.0, 0.5, 0.5]  [indirect]",
    "n_iters": 16,
    "converged": true
  },
  "U2.75": {
    "u_ev": 2.75,
    "energy_eV": -115.005484,
    "gap_eV": 1.0962,
    "transition": "(26\u219227)  [0.5, 0.5, 0.5]\u2192[0.0, 0.5, 0.5]  [indirect]",
    "n_iters": 16,
    "converged": true
  }
}