{
  "gap_eV": 1.5939554357985677,
  "gap_type": "direct",
  "vbm_kpt_index": 19,
  "cbm_kpt_index": 19,
  "vbm_kpt_frac": [
    0.49999999999999994,
    0.49999999999999994,
    0.49999999999999994
  ],
  "cbm_kpt_frac": [
    0.49999999999999994,
    0.49999999999999994,
    0.49999999999999994
  ],
  "functional": "r2SCAN"
}