{
  "total_score": 49.76403529605515,
  "grade": "C",
  "components": {
    "bandgap": 0.003743721342052473,
    "gap_type": 1.0,
    "stability": 0.6,
    "transport": 0.5113628175002554,
    "exciton": 0.5,
    "defects": 0.5
  },
  "inputs": {
    "bandgap_eV": 2.5100343635965503,
    "gap_type": "direct",
    "delta_Hf_eV": -48.897416836619996,
    "m_e_m0": 0.7535861057352072,
    "m_h_m0": 0.21882574596161183,
    "eps_r": null,
    "exciton_binding_meV": null
  },
  "disqualified": false,
  "flags": [
    "DIELECTRIC_MISSING:exciton_approx",
    "IN_GAP_DOS_MISSING"
  ],
  "summary": "PV Score: 49.8/100 [C]"
}