{
  "Eg_eV": 1.483,
  "eps_r": 6.3,
  "m_e": 0.045293048764868005,
  "m_h": 0.05262866603264321,
  "xi_eV": 3.9,
  "label": "CsPbI3 DFT",
  "source": "dft",
  "status": "parsed",
  "pce_pct": 11.0873,
  "voc_V": 0.7782387,
  "jsc_mA_cm2": -23.416790000000002,
  "ff": 0.6083951
}