{
  "gap_type": "direct",
  "gap_eV": 1.5939554357985677,
  "direct_gap_eV": null,
  "vbm_kpt_frac": [
    0.49999999999999994,
    0.49999999999999994,
    0.49999999999999994
  ],
  "cbm_kpt_frac": [
    0.49999999999999994,
    0.49999999999999994,
    0.49999999999999994
  ],
  "m_e_m0": 0.7262930812822008,
  "m_h_m0": 0.12342013375941172,
  "m_reduced_m0": 0.1054934625631245,
  "m_e_soc_m0": 0.045293048764868005,
  "m_h_soc_m0": 0.05262866603264321,
  "m_reduced_soc_m0": 0.024343045278319063,
  "flags_gap": [],
  "flags_masses": [],
  "flags_masses_soc": [],
  "tolerance_factor": 0.8218291203171083,
  "octahedral_factor": 0.5409090909090909,
  "mean_bx_bond_Ang": 3.1482499999999995,
  "bx_bond_variance": 1.9721522630525295e-31,
  "mean_bxb_angle_deg": null,
  "tilt_angle_deg": null,
  "flags_structural": []
}