{
  "thickness_nm": 500.0,
  "jsc_mA_cm2": 23.87864743051411,
  "j0_mA_cm2": 1.3577129469228547e-20,
  "voc_V": 1.2646510014242023,
  "ff": 0.901745110937311,
  "pce_pct": 27.23103897833974,
  "jsc_sq_ideal": 23.98106522781122,
  "pce_sq_ideal": 28.389906860073864,
  "thickness_scan": [
    [
      100.0,
      20.013819465461584,
      22.856775323293117
    ],
    [
      200.0,
      22.82040351024306,
      26.025515585498077
    ],
    [
      300.0,
      23.562044018222547,
      26.86792385138342
    ],
    [
      400.0,
      23.797531030950307,
      27.137564592756558
    ],
    [
      500.0,
      23.87864743051411,
      27.23103897833974
    ],
    [
      750.0,
      23.921241097305185,
      27.28038231956488
    ],
    [
      1000.0,
      23.924969937108983,
      27.284721004214944
    ],
    [
      2000.0,
      23.92535613165893,
      27.285170930658186
    ]
  ],
  "flags": [
    "ONSET_OVERRIDE:1.586eV"
  ]
}