{
  "gap_eV": 1.864326055573787,
  "gap_type": "direct",
  "vbm_kpt_index": 111,
  "cbm_kpt_index": 111,
  "vbm_kpt_frac": [
    0.49999999999999994,
    0.49999999999999994,
    0.49999999999999994
  ],
  "cbm_kpt_frac": [
    0.49999999999999994,
    0.49999999999999994,
    0.49999999999999994
  ],
  "functional": "r2SCAN"
}