{"phase_c": {"__ndarray__": [[3], "float64", [87.96459432996805, 87.96459200515876, 87.95695563881031]]}, "electronic_phase_c": {"__ndarray__": [[3], "float64", [2.9453843638134558e-08, -2.295355448347738e-06, -0.0788074273192026]]}, "atomic_phase_c": {"__ndarray__": [[3], "float64", [87.96459430051421, 87.96459430051421, 88.03576306612952]]}, "dipole_phase_c": {"__ndarray__": [[3], "float64", [1.948393086609348e-08, 7.91840053191791e-06, -0.0015425237164914795]]}}