{"phase_c": {"__ndarray__": [[3], "float64", [87.9722141476128, 87.96459433933335, 87.96462380973647]]}, "electronic_phase_c": {"__ndarray__": [[3], "float64", [0.07878861271388776, 3.8819144167727715e-08, 2.950922226238115e-05]]}, "atomic_phase_c": {"__ndarray__": [[3], "float64", [87.89342553489891, 87.96459430051421, 87.96459430051421]]}, "dipole_phase_c": {"__ndarray__": [[3], "float64", [0.0015908357819502687, -6.08014153061672e-09, -3.8517827846848124e-05]]}}