{"phase_c": {"__ndarray__": [[3], "float64", [131.99622509415087, 87.96459427804356, 87.96461123716479]]}, "electronic_phase_c": {"__ndarray__": [[3], "float64", [0.12050240899485247, -2.2470640869500868e-08, 1.6936650580814175e-05]]}, "atomic_phase_c": {"__ndarray__": [[3], "float64", [131.875722685156, 87.96459430051421, 87.96459430051421]]}, "dipole_phase_c": {"__ndarray__": [[3], "float64", [0.5624695711838672, 2.5646446333768784e-07, -2.1910315814961082e-05]]}}