{"phase_c": {"__ndarray__": [[3], "float64", [87.9645918806743, 87.95695397244837, 87.9645943427851]]}, "electronic_phase_c": {"__ndarray__": [[3], "float64", [-2.419839904530744e-06, -0.0788090936811425, 4.227089645635184e-08]]}, "atomic_phase_c": {"__ndarray__": [[3], "float64", [87.96459430051421, 88.03576306612952, 87.96459430051421]]}, "dipole_phase_c": {"__ndarray__": [[3], "float64", [8.381425712144393e-06, -0.0015399608411750837, -2.9503985837263454e-08]]}}