{"phase_c": {"__ndarray__": [[3], "float64", [87.96459430480296, 87.96459407744881, 87.91397252008406]]}, "electronic_phase_c": {"__ndarray__": [[3], "float64", [4.288752404573743e-09, -2.2306540184889601e-07, 0.09171575080045126]]}, "atomic_phase_c": {"__ndarray__": [[3], "float64", [87.96459430051421, 87.96459430051421, 87.82225676928361]]}, "dipole_phase_c": {"__ndarray__": [[3], "float64", [-2.9287097997692193e-08, 9.673043307689244e-06, -0.003261830788972712]]}}