{"phase_c": {"__ndarray__": [[3], "float64", [87.91531852667563, 87.96459429072667, 87.96459461246835]]}, "electronic_phase_c": {"__ndarray__": [[3], "float64", [-0.12044453945386883, -9.787548511557356e-09, 3.1195413188515783e-07]]}, "atomic_phase_c": {"__ndarray__": [[3], "float64", [88.0357630661295, 87.96459430051421, 87.96459430051421]]}, "dipole_phase_c": {"__ndarray__": [[3], "float64", [-0.5625434652747203, 7.398152661524006e-08, -1.2778176003730283e-07]]}}