{"phase_c": {"__ndarray__": [[3], "float64", [88.01522268963468, 87.96459429740626, 87.96459426715151]]}, "electronic_phase_c": {"__ndarray__": [[3], "float64", [-0.09170914211013849, -3.1079357310214036e-09, -3.3362702190160025e-08]]}, "atomic_phase_c": {"__ndarray__": [[3], "float64", [88.10693183174482, 87.96459430051421, 87.96459430051421]]}, "dipole_phase_c": {"__ndarray__": [[3], "float64", [0.003241242706048069, -2.2843515349443515e-08, 2.3163768166549577e-07]]}}