{"phase_c": {"__ndarray__": [[3], "float64", [144.4993253379733, 87.96459430051422, 87.96459430051422]]}, "electronic_phase_c": {"__ndarray__": [[3], "float64", [0.07756597149105673, 7.53744152663769e-15, 1.2215113052452597e-14]]}, "atomic_phase_c": {"__ndarray__": [[3], "float64", [144.42175936648223, 87.96459430051421, 87.96459430051421]]}, "dipole_phase_c": {"__ndarray__": [[3], "float64", [0.7584773675265237, 2.2844145201867734e-15, 4.768394967994998e-15]]}}