{"phase_c": {"__ndarray__": [[3], "float64", [87.96459423367413, 87.96460588307258, 87.97219533345161]]}, "electronic_phase_c": {"__ndarray__": [[3], "float64", [-6.684007289143685e-08, 1.1582558369146828e-05, 0.078769798552694]]}, "atomic_phase_c": {"__ndarray__": [[3], "float64", [87.96459430051421, 87.96459430051421, 87.89342553489891]]}, "dipole_phase_c": {"__ndarray__": [[3], "float64", [1.6617532534273656e-07, -9.927927565356068e-06, 0.0016233355735954416]]}}