{"phase_c": {"__ndarray__": [[3], "float64", [87.97849192653283, 87.96459430051422, 87.96459430051422]]}, "electronic_phase_c": {"__ndarray__": [[3], "float64", [-0.07760507262963405, 1.158940846973841e-14, 1.0935968361611246e-14]]}, "atomic_phase_c": {"__ndarray__": [[3], "float64", [88.05609699916246, 87.96459430051421, 87.96459430051421]]}, "dipole_phase_c": {"__ndarray__": [[3], "float64", [-0.7583941147455857, 3.197973210078911e-16, 2.3340542749564903e-17]]}}