{"phase_c": {"__ndarray__": [[3], "float64", [87.9645904988149, 87.91396880668945, 87.96459429656123]]}, "electronic_phase_c": {"__ndarray__": [[3], "float64", [-3.8016993094602797e-06, 0.09171203740583851, -3.952974656162418e-09]]}, "atomic_phase_c": {"__ndarray__": [[3], "float64", [87.96459430051421, 87.82225676928361, 87.96459430051421]]}, "dipole_phase_c": {"__ndarray__": [[3], "float64", [-3.670441266095126e-05, -0.0033061648689523544, -3.705434879370627e-08]]}}