{"phase_c": {"__ndarray__": [[3], "float64", [87.97220948865304, 87.9645943442493, 87.9646344763897]]}, "electronic_phase_c": {"__ndarray__": [[3], "float64", [0.07878395375413158, 4.373509799510837e-08, 4.017587549805636e-05]]}, "atomic_phase_c": {"__ndarray__": [[3], "float64", [87.89342553489891, 87.96459430051421, 87.96459430051421]]}, "dipole_phase_c": {"__ndarray__": [[3], "float64", [0.001602453180097621, -1.4864042871025415e-07, -0.00012361699196783237]]}}