{"phase_c": {"__ndarray__": [[3], "float64", [87.96459425811304, 87.96459428882953, 88.0152226644159]]}, "electronic_phase_c": {"__ndarray__": [[3], "float64", [-4.240117299732477e-08, -1.1684673069280267e-08, -0.09170916732891495]]}, "atomic_phase_c": {"__ndarray__": [[3], "float64", [87.96459430051421, 87.96459430051421, 88.10693183174482]]}, "dipole_phase_c": {"__ndarray__": [[3], "float64", [1.1724830846649453e-07, -1.949444352649583e-07, 0.0032413105073688074]]}}