{"phase_c": {"__ndarray__": [[3], "float64", [87.9645943433656, 88.01522282703476, 87.96459427639108]]}, "electronic_phase_c": {"__ndarray__": [[3], "float64", [4.285140101585244e-08, -0.09170900471005156, -2.4123130686422516e-08]]}, "atomic_phase_c": {"__ndarray__": [[3], "float64", [87.96459430051421, 88.10693183174482, 87.96459430051421]]}, "dipole_phase_c": {"__ndarray__": [[3], "float64", [4.389289748482711e-07, 0.0032414327646795617, 1.7869504885874748e-09]]}}