{"phase_c": {"__ndarray__": [[3], "float64", [87.96459418473066, 144.49932783425044, 87.96459430051422]]}, "electronic_phase_c": {"__ndarray__": [[3], "float64", [-1.1578355484925262e-07, 0.07756846776819323, 8.599329460573104e-15]]}, "atomic_phase_c": {"__ndarray__": [[3], "float64", [87.96459430051421, 144.42175936648223, 87.96459430051421]]}, "dipole_phase_c": {"__ndarray__": [[3], "float64", [1.5577172675375755e-05, 0.7584845501418154, -3.075088442794805e-15]]}}