{"phase_c": {"__ndarray__": [[3], "float64", [87.91401531415757, 87.96459432093155, 87.96461856349937]]}, "electronic_phase_c": {"__ndarray__": [[3], "float64", [0.09175854487395045, 2.041734988415886e-08, 2.4262985164060463e-05]]}, "atomic_phase_c": {"__ndarray__": [[3], "float64", [87.82225676928361, 87.96459430051421, 87.96459430051421]]}, "dipole_phase_c": {"__ndarray__": [[3], "float64", [-0.003389710236186344, -7.531780828784448e-09, -5.429454222948268e-05]]}}