{"phase_c": {"__ndarray__": [[3], "float64", [87.9645943063459, 87.96454805465567, 87.97219925656795]]}, "electronic_phase_c": {"__ndarray__": [[3], "float64", [5.831695225542546e-09, -4.624585853534151e-05, 0.07877372166903254]]}, "atomic_phase_c": {"__ndarray__": [[3], "float64", [87.96459430051421, 87.96459430051421, 87.89342553489891]]}, "dipole_phase_c": {"__ndarray__": [[3], "float64", [1.0810556554582417e-07, 0.00019675359274426565, 0.0016086457987883778]]}}