{"phase_c": {"__ndarray__": [[3], "float64", [87.96459436426565, 87.96459776307826, 144.49933150389808]]}, "electronic_phase_c": {"__ndarray__": [[3], "float64", [6.375144125084405e-08, 3.4625640528256065e-06, 0.07757213741584701]]}, "atomic_phase_c": {"__ndarray__": [[3], "float64", [87.96459430051421, 87.96459430051421, 144.42175936648223]]}, "dipole_phase_c": {"__ndarray__": [[3], "float64", [-1.395829203633217e-07, 5.0987405194255605e-06, 0.7584745839263617]]}}