{"phase_c": {"__ndarray__": [[3], "float64", [87.96459432281459, 87.97851907672124, 87.96459430051422]]}, "electronic_phase_c": {"__ndarray__": [[3], "float64", [2.2300385674163566e-08, -0.07757792244122654, 1.192739753843834e-14]]}, "atomic_phase_c": {"__ndarray__": [[3], "float64", [87.96459430051421, 88.05609699916246, 87.96459430051421]]}, "dipole_phase_c": {"__ndarray__": [[3], "float64", [8.189751954824959e-08, -0.7584548354987098, 9.003620368447923e-15]]}}