{"phase_c": {"__ndarray__": [[3], "float64", [87.96459454872405, 87.91531906430097, 87.96459403695751]]}, "electronic_phase_c": {"__ndarray__": [[3], "float64", [2.482098380228929e-07, -0.12044400182854823, -2.635566969998573e-07]]}, "atomic_phase_c": {"__ndarray__": [[3], "float64", [87.96459430051421, 88.03576306612952, 87.96459430051421]]}, "dipole_phase_c": {"__ndarray__": [[3], "float64", [-3.344511680928239e-07, -0.5625461987992488, -1.8684578905788754e-07]]}}