{"phase_c": {"__ndarray__": [[3], "float64", [87.96460875057942, 131.9962271779333, 87.9645944209759]]}, "electronic_phase_c": {"__ndarray__": [[3], "float64", [1.4450065204130126e-05, 0.12050449277728587, 1.2046168567818527e-07]]}, "atomic_phase_c": {"__ndarray__": [[3], "float64", [87.96459430051421, 131.875722685156, 87.96459430051421]]}, "dipole_phase_c": {"__ndarray__": [[3], "float64", [-2.1368180631060435e-05, 0.562472261192396, -9.44238627612637e-08]]}}