{"phase_c": {"__ndarray__": [[3], "float64", [87.96459432123918, 87.96459443064353, 87.91531944304296]]}, "electronic_phase_c": {"__ndarray__": [[3], "float64", [2.072496206296271e-08, 1.3012931921654705e-07, -0.12044362308654029]]}, "atomic_phase_c": {"__ndarray__": [[3], "float64", [87.96459430051421, 87.96459430051421, 88.0357630661295]]}, "dipole_phase_c": {"__ndarray__": [[3], "float64", [-4.1309177140570944e-08, -2.433372050992083e-08, -0.5625473421979281]]}}