{"phase_c": {"__ndarray__": [[3], "float64", [87.96459478146296, 87.95695324814135, 87.9645943436795]]}, "electronic_phase_c": {"__ndarray__": [[3], "float64", [4.809487626787844e-07, -0.07880981798817956, 4.316528974901307e-08]]}, "atomic_phase_c": {"__ndarray__": [[3], "float64", [87.96459430051421, 88.03576306612952, 87.96459430051421]]}, "dipole_phase_c": {"__ndarray__": [[3], "float64", [-6.432974330978928e-07, -0.0015386351220964508, -1.0961843709271364e-07]]}}