{"phase_c": {"__ndarray__": [[3], "float64", [87.96460590424452, 87.97219540740316, 87.964594369252]]}, "electronic_phase_c": {"__ndarray__": [[3], "float64", [1.1603730314503451e-05, 0.07876987250425159, 6.873779002825273e-08]]}, "atomic_phase_c": {"__ndarray__": [[3], "float64", [87.96459430051421, 87.89342553489891, 87.96459430051421]]}, "dipole_phase_c": {"__ndarray__": [[3], "float64", [-9.79185265702422e-06, 0.0016233849133697911, -3.699526215774764e-08]]}}