{"phase_c": {"__ndarray__": [[3], "float64", [87.95695305690599, 87.96459432610386, 87.96459558533529]]}, "electronic_phase_c": {"__ndarray__": [[3], "float64", [-0.07881000922353096, 2.5589662490773154e-08, 1.2848210869094315e-06]]}, "atomic_phase_c": {"__ndarray__": [[3], "float64", [88.03576306612952, 87.96459430051421, 87.96459430051421]]}, "dipole_phase_c": {"__ndarray__": [[3], "float64", [-0.00153827340517319, 1.418948621492665e-08, -1.9532765501928714e-06]]}}