{"phase_c": {"__ndarray__": [[3], "float64", [87.96459438177895, 87.9645944075571, 87.97851916560347]]}, "electronic_phase_c": {"__ndarray__": [[3], "float64", [8.126475051839708e-08, 1.0704288786251281e-07, -0.07757783355898856]]}, "atomic_phase_c": {"__ndarray__": [[3], "float64", [87.96459430051421, 87.96459430051421, 88.05609699916246]]}, "dipole_phase_c": {"__ndarray__": [[3], "float64", [-2.2993702578816219e-07, -1.0795067941925126e-07, -0.7584564279939888]]}}