{"phase_c": {"__ndarray__": [[3], "float64", [87.96459435045053, 87.96460902121015, 131.9962271878413]]}, "electronic_phase_c": {"__ndarray__": [[3], "float64", [4.993631982003238e-08, 1.47206959444618e-05, 0.12050450268529406]]}, "atomic_phase_c": {"__ndarray__": [[3], "float64", [87.96459430051421, 87.96459430051421, 131.875722685156]]}, "dipole_phase_c": {"__ndarray__": [[3], "float64", [1.922205886492204e-08, -2.190971326963598e-05, 0.5624736089243623]]}}