{"phase_c": {"__ndarray__": [[3], "float64", [87.9645483038348, 87.97219938497551, 87.9645942634233]]}, "electronic_phase_c": {"__ndarray__": [[3], "float64", [-4.5996679403857214e-05, 0.07877385007659518, -3.70909138707567e-08]]}, "atomic_phase_c": {"__ndarray__": [[3], "float64", [87.96459430051421, 87.89342553489891, 87.96459430051421]]}, "dipole_phase_c": {"__ndarray__": [[3], "float64", [0.00019700905198556117, 0.0016086806054106863, -4.723271649344291e-08]]}}