{"phase_c": {"__ndarray__": [[3], "float64", [87.95695482640214, 87.96459426553818, 87.96459599229665]]}, "electronic_phase_c": {"__ndarray__": [[3], "float64", [-0.07880823972738198, -3.497603196340745e-08, 1.6917824398710237e-06]]}, "atomic_phase_c": {"__ndarray__": [[3], "float64", [88.03576306612952, 87.96459430051421, 87.96459430051421]]}, "dipole_phase_c": {"__ndarray__": [[3], "float64", [-0.001541368598258763, -1.9316080916251445e-09, -5.528700296041207e-06]]}}