{"phase_c": {"__ndarray__": [[3], "float64", [87.9645943175075, 87.96459477988134, 87.95695322952398]]}, "electronic_phase_c": {"__ndarray__": [[3], "float64", [1.6993296563211047e-08, 4.793671326906419e-07, -0.07880983660554958]]}, "atomic_phase_c": {"__ndarray__": [[3], "float64", [87.96459430051421, 87.96459430051421, 88.03576306612952]]}, "dipole_phase_c": {"__ndarray__": [[3], "float64", [8.622800619785594e-08, -7.125376650634847e-07, -0.0015388033232551774]]}}