{
  "gap_eV": 0.6518172800114177,
  "gap_type": "indirect",
  "vbm_kpt_index": 63,
  "cbm_kpt_index": 15,
  "vbm_kpt_frac": [
    0.49999999999999994,
    0.49999999999999994,
    0.49999999999999994
  ],
  "cbm_kpt_frac": [
    1.3877787807814457e-17,
    0.49999999999999994,
    0.49999999999999994
  ],
  "functional": "r2SCAN"
}