{
  "Eg_eV": 2.054,
  "eps_r": 6.5,
  "m_e": 1.264115593535898,
  "m_h": 1.2959284178401433,
  "xi_eV": 3.9,
  "label": "MAPbI3 DFT",
  "source": "dft",
  "status": "parsed",
  "pce_pct": 5.767909,
  "voc_V": 1.375355,
  "jsc_mA_cm2": -8.778982000000001,
  "ff": 0.4777046
}