{
  "special_xcoords": [
    0.0,
    0.13226677056033592,
    0.26453354112067184,
    0.4515870018983893,
    0.6806797686619466,
    0.8677332294396641,
    0.8677332294396641,
    1.0
  ],
  "labels": [
    "G",
    "X",
    "M",
    "G",
    "R",
    "X",
    "M",
    "R"
  ],
  "ef_eV": 2.2906044654739337,
  "path": "GXMGRX,MR",
  "n_occ": 25
}