{
  "gap_type": "indirect",
  "gap_eV": 0.43847579394880754,
  "direct_gap_eV": 0.7506086085048822,
  "vbm_kpt_frac": [
    0.5,
    0.5,
    0.0
  ],
  "cbm_kpt_frac": [
    0.0,
    0.5,
    0.0
  ],
  "m_e_m0": 146.61616864975065,
  "m_h_m0": 6.891975018122311,
  "m_reduced_m0": 6.58254961230677,
  "m_e_soc_m0": 2.043587573340209,
  "m_h_soc_m0": 1.7433790919921606,
  "m_reduced_soc_m0": 0.9407919749152653,
  "flags_gap": [],
  "flags_masses": [
    "UNPHYSICAL_MASS_CBM:146.62"
  ],
  "flags_masses_soc": [],
  "tolerance_factor": 0.8218291203171083,
  "octahedral_factor": 0.5409090909090909,
  "mean_bx_bond_Ang": null,
  "bx_bond_variance": null,
  "mean_bxb_angle_deg": null,
  "tilt_angle_deg": null,
  "flags_structural": []
}